{
  "class_name" : "PinholeCameraParameters",
  "extrinsic" :
  [
    -0.8747760974175115,
    -0.37615674158924661,
    0.30540609873404512,
    0.0,
    -0.48452254208592266,
    0.67629871397807007,
    -0.55484948921505184,
    0.0,
    0.0021646241206975119,
    -0.63334521015680645,
    -0.77386637035979722,
    0.0,
    0.067164833990853337,
    -0.99916294153687257,
    5.3851338151679773,
    1.0
  ],
  "intrinsic" :
  {
    "height" : 1136,
    "intrinsic_matrix" :
    [
      983.80485869912241,
      0.0,
      0.0,
      0.0,
      983.80485869912241,
      0.0,
      923.5,
      567.5,
      1.0
    ],
    "width" : 1848
  },
  "version_major" : 1,
  "version_minor" : 0
}